[
	{
		"label": "1) GONET BX · UX Renewal 2017",
		"summary": "지오넷 브랜드경험과 사용자경험을 위한 웹사이트 리뉴얼 2017",
		"url": "#",
		"img": "/kr/js/uiHeadLine/images/bg/0.jpg"
	},
	{
		"label": "2) GONET BX · UX Renewal 2017",
		"summary": "지오넷 브랜드경험과 사용자경험을 위한 웹사이트 리뉴얼 2017",
		"url": "#",
		"img": "/kr/js/uiHeadLine/images/bg/1.jpg"
	},
	{
		"label": "3) GONET BX · UX Renewal 2017",
		"summary": "지오넷 브랜드경험과 사용자경험을 위한 웹사이트 리뉴얼 2017",
		"url": "#",
		"img": "/kr/js/uiHeadLine/images/bg/2.jpg"
	},
	{
		"label": "4) GONET BX · UX Renewal 2017",
		"summary": "지오넷 브랜드경험과 사용자경험을 위한 웹사이트 리뉴얼 2017",
		"url": "#",
		"img": "/kr/js/uiHeadLine/images/bg/3.jpg"
	},
	{
		"label": "5) GONET BX · UX Renewal 2017",
		"summary": "지오넷 브랜드경험과 사용자경험을 위한 웹사이트 리뉴얼 2017",
		"url": "#",
		"img": "/kr/js/uiHeadLine/images/bg/4.jpg"
	},
	{
		"label": "6) GONET BX · UX Renewal 2017",
		"summary": "지오넷 브랜드경험과 사용자경험을 위한 웹사이트 리뉴얼 2017",
		"url": "#",
		"img": "/kr/js/uiHeadLine/images/bg/5.jpg"
	},
	{
		"label": "6) GONET BX · UX Renewal 2017",
		"summary": "지오넷 브랜드경험과 사용자경험을 위한 웹사이트 리뉴얼 2017",
		"url": "#",
		"img": "/kr/js/uiHeadLine/images/bg/5.jpg"
	},
	{
		"label": "6) GONET BX · UX Renewal 2017",
		"summary": "지오넷 브랜드경험과 사용자경험을 위한 웹사이트 리뉴얼 2017",
		"url": "#",
		"img": "/kr/js/uiHeadLine/images/bg/5.jpg"
	}
]