
	 [
		{ 
			"count": 16,
			"list": [
			{
				"category": "1",
				"title": "",
				"img": "http://gonet.acego.net/_prog/download/?yammer_id=790999339",
				"date": "2016-10-31",
				"url": "./0302_view.html?id=790999339",
				"photo": "",
				"name": "",
				"like": "4",
				"comment": ""
			},
			{
				"category": "1",
				"title": "",
				"img": "http://gonet.acego.net/_prog/download/?yammer_id=790906687",
				"date": "2016-10-31",
				"url": "./0302_view.html?id=790906687",
				"photo": "",
				"name": "",
				"like": "2",
				"comment": ""
			},
			{
				"category": "1",
				"title": "",
				"img": "http://gonet.acego.net/_prog/download/?yammer_id=790592344",
				"date": "2016-10-30",
				"url": "./0302_view.html?id=790592344",
				"photo": "",
				"name": "",
				"like": "2",
				"comment": ""
			},
			{
				"category": "1",
				"title": "",
				"img": "http://gonet.acego.net/_prog/download/?yammer_id=789792207",
				"date": "2016-10-28",
				"url": "./0302_view.html?id=789792207",
				"photo": "",
				"name": "",
				"like": "1",
				"comment": ""
			},
			{
				"category": "1",
				"title": "",
				"img": "http://gonet.acego.net/_prog/download/?yammer_id=788766486",
				"date": "2016-10-27",
				"url": "./0302_view.html?id=788766486",
				"photo": "",
				"name": "",
				"like": "6",
				"comment": ""
			},
			{
				"category": "1",
				"title": "",
				"img": "http://gonet.acego.net/_prog/download/?yammer_id=788327802",
				"date": "2016-10-26",
				"url": "./0302_view.html?id=788327802",
				"photo": "",
				"name": "",
				"like": "6",
				"comment": ""
			},
			{
				"category": "1",
				"title": "",
				"img": "http://gonet.acego.net/_prog/download/?yammer_id=787709650",
				"date": "2016-10-25",
				"url": "./0302_view.html?id=787709650",
				"photo": "",
				"name": "",
				"like": "4",
				"comment": ""
			},
			{
				"category": "1",
				"title": "",
				"img": "http://gonet.acego.net/_prog/download/?yammer_id=785145496",
				"date": "2016-10-19",
				"url": "./0302_view.html?id=785145496",
				"photo": "",
				"name": "",
				"like": "3",
				"comment": ""
			},
			{
				"category": "1",
				"title": "",
				"img": "http://gonet.acego.net/_prog/download/?yammer_id=784927348",
				"date": "2016-10-19",
				"url": "./0302_view.html?id=784927348",
				"photo": "",
				"name": "",
				"like": "3",
				"comment": ""
			},
			{
				"category": "1",
				"title": "",
				"img": "http://gonet.acego.net/_prog/download/?yammer_id=784528015",
				"date": "2016-10-18",
				"url": "./0302_view.html?id=784528015",
				"photo": "",
				"name": "",
				"like": "2",
				"comment": ""
			},
			{
				"category": "1",
				"title": "",
				"img": "http://gonet.acego.net/_prog/download/?yammer_id=779490181",
				"date": "2016-10-09",
				"url": "./0302_view.html?id=779490181",
				"photo": "",
				"name": "",
				"like": "5",
				"comment": ""
			},
			{
				"category": "1",
				"title": "",
				"img": "http://gonet.acego.net/_prog/download/?yammer_id=778654741",
				"date": "2016-10-07",
				"url": "./0302_view.html?id=778654741",
				"photo": "",
				"name": "",
				"like": "5",
				"comment": ""
			},
			{
				"category": "1",
				"title": "",
				"img": "http://gonet.acego.net/_prog/download/?yammer_id=778567763",
				"date": "2016-10-07",
				"url": "./0302_view.html?id=778567763",
				"photo": "",
				"name": "",
				"like": "1",
				"comment": ""
			},
			{
				"category": "1",
				"title": "",
				"img": "http://gonet.acego.net/_prog/download/?yammer_id=778313870",
				"date": "2016-10-07",
				"url": "./0302_view.html?id=778313870",
				"photo": "",
				"name": "",
				"like": "6",
				"comment": ""
			},
			{
				"category": "1",
				"title": "",
				"img": "http://gonet.acego.net/_prog/download/?yammer_id=777857288",
				"date": "2016-10-06",
				"url": "./0302_view.html?id=777857288",
				"photo": "",
				"name": "",
				"like": "3",
				"comment": ""
			},
			{
				"category": "1",
				"title": "",
				"img": "http://gonet.acego.net/_prog/download/?yammer_id=775542008",
				"date": "2016-10-03",
				"url": "./0302_view.html?id=775542008",
				"photo": "",
				"name": "",
				"like": "9",
				"comment": ""
			}
		]
		},
		{ 
			"count": 18,
			"list": [
			{
				"category": "1",
				"title": "",
				"img": "http://gonet.acego.net/_prog/download/?yammer_id=774752545",
				"date": "2016-09-30",
				"url": "./0302_view.html?id=774752545",
				"photo": "",
				"name": "",
				"like": "4",
				"comment": ""
			},
			{
				"category": "1",
				"title": "",
				"img": "http://gonet.acego.net/_prog/download/?yammer_id=774192076",
				"date": "2016-09-29",
				"url": "./0302_view.html?id=774192076",
				"photo": "",
				"name": "",
				"like": "5",
				"comment": ""
			},
			{
				"category": "1",
				"title": "",
				"img": "http://gonet.acego.net/_prog/download/?yammer_id=773939799",
				"date": "2016-09-29",
				"url": "./0302_view.html?id=773939799",
				"photo": "",
				"name": "",
				"like": "2",
				"comment": ""
			},
			{
				"category": "1",
				"title": "",
				"img": "http://gonet.acego.net/_prog/download/?yammer_id=771460421",
				"date": "2016-09-24",
				"url": "./0302_view.html?id=771460421",
				"photo": "",
				"name": "",
				"like": "6",
				"comment": ""
			},
			{
				"category": "1",
				"title": "",
				"img": "http://gonet.acego.net/_prog/download/?yammer_id=771232240",
				"date": "2016-09-24",
				"url": "./0302_view.html?id=771232240",
				"photo": "",
				"name": "",
				"like": "3",
				"comment": ""
			},
			{
				"category": "1",
				"title": "",
				"img": "http://gonet.acego.net/_prog/download/?yammer_id=770841005",
				"date": "2016-09-23",
				"url": "./0302_view.html?id=770841005",
				"photo": "",
				"name": "",
				"like": "3",
				"comment": ""
			},
			{
				"category": "1",
				"title": "",
				"img": "http://gonet.acego.net/_prog/download/?yammer_id=769527160",
				"date": "2016-09-21",
				"url": "./0302_view.html?id=769527160",
				"photo": "",
				"name": "",
				"like": "6",
				"comment": ""
			},
			{
				"category": "1",
				"title": "",
				"img": "http://gonet.acego.net/_prog/download/?yammer_id=769411569",
				"date": "2016-09-21",
				"url": "./0302_view.html?id=769411569",
				"photo": "",
				"name": "",
				"like": "5",
				"comment": ""
			},
			{
				"category": "1",
				"title": "",
				"img": "http://gonet.acego.net/_prog/download/?yammer_id=768857335",
				"date": "2016-09-20",
				"url": "./0302_view.html?id=768857335",
				"photo": "",
				"name": "",
				"like": "6",
				"comment": ""
			},
			{
				"category": "1",
				"title": "",
				"img": "http://gonet.acego.net/_prog/download/?yammer_id=768653066",
				"date": "2016-09-20",
				"url": "./0302_view.html?id=768653066",
				"photo": "",
				"name": "",
				"like": "4",
				"comment": ""
			},
			{
				"category": "1",
				"title": "",
				"img": "http://gonet.acego.net/_prog/download/?yammer_id=765036577",
				"date": "2016-09-13",
				"url": "./0302_view.html?id=765036577",
				"photo": "",
				"name": "",
				"like": "3",
				"comment": ""
			},
			{
				"category": "1",
				"title": "",
				"img": "http://gonet.acego.net/_prog/download/?yammer_id=764379962",
				"date": "2016-09-12",
				"url": "./0302_view.html?id=764379962",
				"photo": "",
				"name": "",
				"like": "5",
				"comment": ""
			},
			{
				"category": "1",
				"title": "",
				"img": "http://gonet.acego.net/_prog/download/?yammer_id=763872584",
				"date": "2016-09-10",
				"url": "./0302_view.html?id=763872584",
				"photo": "",
				"name": "",
				"like": "5",
				"comment": ""
			},
			{
				"category": "1",
				"title": "",
				"img": "http://gonet.acego.net/_prog/download/?yammer_id=763409176",
				"date": "2016-09-09",
				"url": "./0302_view.html?id=763409176",
				"photo": "",
				"name": "",
				"like": "5",
				"comment": ""
			},
			{
				"category": "1",
				"title": "",
				"img": "http://gonet.acego.net/_prog/download/?yammer_id=762536013",
				"date": "2016-09-08",
				"url": "./0302_view.html?id=762536013",
				"photo": "",
				"name": "",
				"like": "4",
				"comment": ""
			},
			{
				"category": "1",
				"title": "",
				"img": "http://gonet.acego.net/_prog/download/?yammer_id=762051463",
				"date": "2016-09-07",
				"url": "./0302_view.html?id=762051463",
				"photo": "",
				"name": "",
				"like": "5",
				"comment": ""
			},
			{
				"category": "1",
				"title": "",
				"img": "http://gonet.acego.net/_prog/download/?yammer_id=761817809",
				"date": "2016-09-07",
				"url": "./0302_view.html?id=761817809",
				"photo": "",
				"name": "",
				"like": "6",
				"comment": ""
			},
			{
				"category": "1",
				"title": "",
				"img": "http://gonet.acego.net/_prog/download/?yammer_id=760280503",
				"date": "2016-09-04",
				"url": "./0302_view.html?id=760280503",
				"photo": "",
				"name": "",
				"like": "5",
				"comment": ""
			}
		]
		},
		{ 
			"count": 24,
			"list": [
			{
				"category": "1",
				"title": "",
				"img": "http://gonet.acego.net/_prog/download/?yammer_id=758137283",
				"date": "2016-08-31",
				"url": "./0302_view.html?id=758137283",
				"photo": "",
				"name": "",
				"like": "6",
				"comment": ""
			},
			{
				"category": "1",
				"title": "",
				"img": "http://gonet.acego.net/_prog/download/?yammer_id=758060950",
				"date": "2016-08-31",
				"url": "./0302_view.html?id=758060950",
				"photo": "",
				"name": "",
				"like": "6",
				"comment": ""
			},
			{
				"category": "1",
				"title": "",
				"img": "http://gonet.acego.net/_prog/download/?yammer_id=758055459",
				"date": "2016-08-31",
				"url": "./0302_view.html?id=758055459",
				"photo": "",
				"name": "",
				"like": "5",
				"comment": ""
			},
			{
				"category": "1",
				"title": "",
				"img": "http://gonet.acego.net/_prog/download/?yammer_id=757341449",
				"date": "2016-08-30",
				"url": "./0302_view.html?id=757341449",
				"photo": "",
				"name": "",
				"like": "4",
				"comment": ""
			},
			{
				"category": "1",
				"title": "",
				"img": "http://gonet.acego.net/_prog/download/?yammer_id=756841153",
				"date": "2016-08-29",
				"url": "./0302_view.html?id=756841153",
				"photo": "",
				"name": "",
				"like": "5",
				"comment": ""
			},
			{
				"category": "1",
				"title": "",
				"img": "http://gonet.acego.net/_prog/download/?yammer_id=756462864",
				"date": "2016-08-28",
				"url": "./0302_view.html?id=756462864",
				"photo": "",
				"name": "",
				"like": "6",
				"comment": ""
			},
			{
				"category": "1",
				"title": "",
				"img": "http://gonet.acego.net/_prog/download/?yammer_id=756200036",
				"date": "2016-08-27",
				"url": "./0302_view.html?id=756200036",
				"photo": "",
				"name": "",
				"like": "3",
				"comment": ""
			},
			{
				"category": "1",
				"title": "",
				"img": "http://gonet.acego.net/_prog/download/?yammer_id=754687792",
				"date": "2016-08-24",
				"url": "./0302_view.html?id=754687792",
				"photo": "",
				"name": "",
				"like": "2",
				"comment": ""
			},
			{
				"category": "1",
				"title": "",
				"img": "http://gonet.acego.net/_prog/download/?yammer_id=753409046",
				"date": "2016-08-22",
				"url": "./0302_view.html?id=753409046",
				"photo": "",
				"name": "",
				"like": "3",
				"comment": ""
			},
			{
				"category": "1",
				"title": "",
				"img": "http://gonet.acego.net/_prog/download/?yammer_id=753407125",
				"date": "2016-08-22",
				"url": "./0302_view.html?id=753407125",
				"photo": "",
				"name": "",
				"like": "5",
				"comment": ""
			},
			{
				"category": "1",
				"title": "",
				"img": "http://gonet.acego.net/_prog/download/?yammer_id=752974317",
				"date": "2016-08-20",
				"url": "./0302_view.html?id=752974317",
				"photo": "",
				"name": "",
				"like": "5",
				"comment": ""
			},
			{
				"category": "1",
				"title": "",
				"img": "http://gonet.acego.net/_prog/download/?yammer_id=752453004",
				"date": "2016-08-19",
				"url": "./0302_view.html?id=752453004",
				"photo": "",
				"name": "",
				"like": "2",
				"comment": ""
			},
			{
				"category": "1",
				"title": "",
				"img": "http://gonet.acego.net/_prog/download/?yammer_id=752419371",
				"date": "2016-08-19",
				"url": "./0302_view.html?id=752419371",
				"photo": "",
				"name": "",
				"like": "5",
				"comment": ""
			},
			{
				"category": "1",
				"title": "",
				"img": "http://gonet.acego.net/_prog/download/?yammer_id=750440507",
				"date": "2016-08-16",
				"url": "./0302_view.html?id=750440507",
				"photo": "",
				"name": "",
				"like": "8",
				"comment": ""
			},
			{
				"category": "1",
				"title": "",
				"img": "http://gonet.acego.net/_prog/download/?yammer_id=748491185",
				"date": "2016-08-11",
				"url": "./0302_view.html?id=748491185",
				"photo": "",
				"name": "",
				"like": "6",
				"comment": ""
			},
			{
				"category": "1",
				"title": "",
				"img": "http://gonet.acego.net/_prog/download/?yammer_id=748473444",
				"date": "2016-08-11",
				"url": "./0302_view.html?id=748473444",
				"photo": "",
				"name": "",
				"like": "5",
				"comment": ""
			},
			{
				"category": "1",
				"title": "",
				"img": "http://gonet.acego.net/_prog/download/?yammer_id=748456488",
				"date": "2016-08-11",
				"url": "./0302_view.html?id=748456488",
				"photo": "",
				"name": "",
				"like": "3",
				"comment": ""
			},
			{
				"category": "1",
				"title": "",
				"img": "http://gonet.acego.net/_prog/download/?yammer_id=748455616",
				"date": "2016-08-11",
				"url": "./0302_view.html?id=748455616",
				"photo": "",
				"name": "",
				"like": "5",
				"comment": ""
			},
			{
				"category": "1",
				"title": "",
				"img": "http://gonet.acego.net/_prog/download/?yammer_id=746936348",
				"date": "2016-08-08",
				"url": "./0302_view.html?id=746936348",
				"photo": "",
				"name": "",
				"like": "5",
				"comment": ""
			},
			{
				"category": "1",
				"title": "",
				"img": "http://gonet.acego.net/_prog/download/?yammer_id=746714319",
				"date": "2016-08-08",
				"url": "./0302_view.html?id=746714319",
				"photo": "",
				"name": "",
				"like": "6",
				"comment": ""
			},
			{
				"category": "1",
				"title": "",
				"img": "http://gonet.acego.net/_prog/download/?yammer_id=746634600",
				"date": "2016-08-08",
				"url": "./0302_view.html?id=746634600",
				"photo": "",
				"name": "",
				"like": "5",
				"comment": ""
			},
			{
				"category": "1",
				"title": "",
				"img": "http://gonet.acego.net/_prog/download/?yammer_id=746280898",
				"date": "2016-08-06",
				"url": "./0302_view.html?id=746280898",
				"photo": "",
				"name": "",
				"like": "9",
				"comment": ""
			},
			{
				"category": "1",
				"title": "",
				"img": "http://gonet.acego.net/_prog/download/?yammer_id=746248954",
				"date": "2016-08-06",
				"url": "./0302_view.html?id=746248954",
				"photo": "",
				"name": "",
				"like": "5",
				"comment": ""
			},
			{
				"category": "1",
				"title": "",
				"img": "http://gonet.acego.net/_prog/download/?yammer_id=744627662",
				"date": "2016-08-03",
				"url": "./0302_view.html?id=744627662",
				"photo": "",
				"name": "",
				"like": "6",
				"comment": ""
			}
		]
		}
	]

